{
  "parent": "minecraft:item/generated",
  "textures": {
    "layer0": "minecraft:item/netherite_leggings"
  },
  "overrides": [
    {
      "predicate": {
        "custom_model_data": 4003
      },
      "model":"minecraft:item/sangria/gameplay_events/dragon_hunt/pernas_do_fim"
    },
    {
      "predicate": {
        "custom_model_data": 4004
      },
      "model":"minecraft:item/sangria/gameplay_events/arena/calcas_da_arena"
    },
    {
      "predicate": {
        "trim_type": 0.1
      },
      "model": "minecraft:item/netherite_leggings_quartz_trim"
    },
    {
      "predicate": {
        "trim_type": 0.2
      },
      "model": "minecraft:item/netherite_leggings_iron_trim"
    },
    {
      "predicate": {
        "trim_type": 0.3
      },
      "model": "minecraft:item/netherite_leggings_netherite_darker_trim"
    },
    {
      "predicate": {
        "trim_type": 0.4
      },
      "model": "minecraft:item/netherite_leggings_redstone_trim"
    },
    {
      "predicate": {
        "trim_type": 0.5
      },
      "model": "minecraft:item/netherite_leggings_copper_trim"
    },
    {
      "predicate": {
        "trim_type": 0.6
      },
      "model": "minecraft:item/netherite_leggings_gold_trim"
    },
    {
      "predicate": {
        "trim_type": 0.7
      },
      "model": "minecraft:item/netherite_leggings_emerald_trim"
    },
    {
      "predicate": {
        "trim_type": 0.8
      },
      "model": "minecraft:item/netherite_leggings_diamond_trim"
    },
    {
      "predicate": {
        "trim_type": 0.9
      },
      "model": "minecraft:item/netherite_leggings_lapis_trim"
    },
    {
      "predicate": {
        "trim_type": 1
      },
      "model": "minecraft:item/netherite_leggings_amethyst_trim"
    }
  ]
}
