{
  "parent": "minecraft:item/handheld",
  "textures": {
    "layer0": "minecraft:item/netherite_axe"
  },
  "overrides": [
    {
      "predicate": {
        "custom_model_data": 4008
      },
      "model": "minecraft:item/sangria/gameplay_events/dragon_hunt/algoz_da_finalidade"
    },
    {
      "predicate": {
        "custom_model_data": 5005
      },
      "model": "minecraft:item/sangria/gameplay_events/arena/conquistador_de_estrelas"
    },
    {
      "predicate": {
        "custom_model_data": 8007
      },
      "model": "minecraft:item/sangria/dungeons/blood/axe_blood"
    },
    {
      "predicate": {
        "custom_model_data": 8008
      },
      "model": "minecraft:item/sangria/dungeons/blood/borla_blood"
    }
  ]
}