{
  "parent": "minecraft:item/generated",
  "textures": {
    "layer0": "minecraft:item/netherite_chestplate"
  },
  "overrides": [
    {
      "predicate": {
        "custom_model_data": 4002
      },
      "model":"minecraft:item/sangria/gameplay_events/dragon_hunt/torso_do_fim"
    },
    {
      "predicate": {
        "custom_model_data": 5002
      },
      "model":"minecraft:item/sangria/gameplay_events/arena/torso_da_arena"
    },
    {
      "predicate": {
        "trim_type": 0.1
      },
      "model": "minecraft:item/netherite_chestplate_quartz_trim"
    },
    {
      "predicate": {
        "trim_type": 0.2
      },
      "model": "minecraft:item/netherite_chestplate_iron_trim"
    },
    {
      "predicate": {
        "trim_type": 0.3
      },
      "model": "minecraft:item/netherite_chestplate_netherite_darker_trim"
    },
    {
      "predicate": {
        "trim_type": 0.4
      },
      "model": "minecraft:item/netherite_chestplate_redstone_trim"
    },
    {
      "predicate": {
        "trim_type": 0.5
      },
      "model": "minecraft:item/netherite_chestplate_copper_trim"
    },
    {
      "predicate": {
        "trim_type": 0.6
      },
      "model": "minecraft:item/netherite_chestplate_gold_trim"
    },
    {
      "predicate": {
        "trim_type": 0.7
      },
      "model": "minecraft:item/netherite_chestplate_emerald_trim"
    },
    {
      "predicate": {
        "trim_type": 0.8
      },
      "model": "minecraft:item/netherite_chestplate_diamond_trim"
    },
    {
      "predicate": {
        "trim_type": 0.9
      },
      "model": "minecraft:item/netherite_chestplate_lapis_trim"
    },
    {
      "predicate": {
        "trim_type": 1
      },
      "model": "minecraft:item/netherite_chestplate_amethyst_trim"
    }
  ]
}
