{
  "parent": "minecraft:item/generated",
  "textures": {
    "layer0": "minecraft:item/netherite_boots"
  },
  "overrides": [
    {
      "predicate": {
        "custom_model_data": 4004
      },
      "model":"minecraft:item/sangria/gameplay_events/dragon_hunt/botas_do_fim"
    },
    {
      "predicate": {
        "custom_model_data": 5004
      },
      "model":"minecraft:item/sangria/gameplay_events/arena/botas_da_arena"
    },
    {
      "predicate": {
        "trim_type": 0.2
      },
      "model": "minecraft:item/netherite_boots_iron_trim"
    },
    {
      "predicate": {
        "trim_type": 0.3
      },
      "model": "minecraft:item/netherite_boots_netherite_darker_trim"
    },
    {
      "predicate": {
        "trim_type": 0.4
      },
      "model": "minecraft:item/netherite_boots_redstone_trim"
    },
    {
      "predicate": {
        "trim_type": 0.5
      },
      "model": "minecraft:item/netherite_boots_copper_trim"
    },
    {
      "predicate": {
        "trim_type": 0.6
      },
      "model": "minecraft:item/netherite_boots_gold_trim"
    },
    {
      "predicate": {
        "trim_type": 0.7
      },
      "model": "minecraft:item/netherite_boots_emerald_trim"
    },
    {
      "predicate": {
        "trim_type": 0.8
      },
      "model": "minecraft:item/netherite_boots_diamond_trim"
    },
    {
      "predicate": {
        "trim_type": 0.9
      },
      "model": "minecraft:item/netherite_boots_lapis_trim"
    },
    {
      "predicate": {
        "trim_type": 1
      },
      "model": "minecraft:item/netherite_boots_amethyst_trim"
    }
  ]
}
