{
  "parent": "minecraft:item/handheld",
  "textures": {
    "layer0": "minecraft:item/netherite_sword"
  },
  "overrides": [
    {
      "predicate": {
        "custom_model_data": 4005
      },
      "model": "minecraft:item/sangria/gameplay_events/dragon_hunt/lamina_do_nada"
    },
    {
      "predicate": {
        "custom_model_data": 5006
      },
      "model": "minecraft:item/sangria/gameplay_events/arena/arena_sword"
    },
    {
      "predicate": {
        "custom_model_data": 8006
      },
      "model": "minecraft:item/sangria/dungeons/blood/adaga_blood"
    }
  ]
}