{
    "providers": [
        {
            "type": "space",
            "advances": {
                "": -22
            }
        },
        {
            "type": "bitmap",
            "file": "minecraft:ranks/adminbyrg.png",
            "ascent": 8,
            "height": 9,
            "chars": [""]
        },
        {
            "type": "bitmap",
            "file": "minecraft:ranks/bluebyrg.png",
            "ascent": 8,
            "height": 8,
            "chars": [""]
        },
        {
            "type": "bitmap",
            "file": "minecraft:ranks/builderbyrg.png",
            "ascent": 8,
            "height": 8,
            "chars": [""]
        },
        {
            "type": "bitmap",
            "file": "minecraft:ranks/designerbyrg.png",
            "ascent": 8,
            "height": 8,
            "chars": [""]
        },
        {
            "type": "bitmap",
            "file": "minecraft:ranks/devbyrg.png",
            "ascent": 8,
            "height": 8,
            "chars": [""]
        },
        {
            "type": "bitmap",
            "file": "minecraft:ranks/devlbyrg.png",
            "ascent": 8,
            "height": 8,
            "chars": [""]
        },
        {
            "type": "bitmap",
            "file": "minecraft:ranks/donatorbyrg.png",
            "ascent": 8,
            "height": 8,
            "chars": [""]
        },
        {
            "type": "bitmap",
            "file": "minecraft:ranks/elitebyrg.png",
            "ascent": 8,
            "height": 8,
            "chars": [""]
        },
        {
            "type": "bitmap",
            "file": "minecraft:ranks/eliteplusbyrg.png",
            "ascent": 8,
            "height": 8,
            "chars": [""]
        },
        {
            "type": "bitmap",
            "file": "minecraft:ranks/eventsbyrg.png",
            "ascent": 8,
            "height": 8,
            "chars": [""]
        },
        {
            "type": "bitmap",
            "file": "minecraft:ranks/godbyrg.png",
            "ascent": 8,
            "height": 8,
            "chars": [""]
        },
        {
            "type": "bitmap",
            "file": "minecraft:ranks/greenbyrg.png",
            "ascent": 8,
            "height": 8,
            "chars": [""]
        },
        {
            "type": "bitmap",
            "file": "minecraft:ranks/helperbyrg.png",
            "ascent": 8,
            "height": 8,
            "chars": [""]
        },
        {
            "type": "bitmap",
            "file": "minecraft:ranks/managerbyrg.png",
            "ascent": 8,
            "height": 8,
            "chars": [""]
        },
        {
            "type": "bitmap",
            "file": "minecraft:ranks/mediabyrg.png",
            "ascent": 8,
            "height": 8,
            "chars": [""]
        },
        {
            "type": "bitmap",
            "file": "minecraft:ranks/modbyrg.png",
            "ascent": 8,
            "height": 8,
            "chars": [""]
        },
        {
            "type": "bitmap",
            "file": "minecraft:ranks/modlbyrg.png",
            "ascent": 8,
            "height": 8,
            "chars": [""]
        },
        {
            "type": "bitmap",
            "file": "minecraft:ranks/mvpbyrg.png",
            "ascent": 8,
            "height": 8,
            "chars": [""]
        },
        {
            "type": "bitmap",
            "file": "minecraft:ranks/mvpplusbyrg.png",
            "ascent": 8,
            "height": 8,
            "chars": [""]
        },
        {
            "type": "bitmap",
            "file": "minecraft:ranks/mvpplusplusbyrg.png",
            "ascent": 8,
            "height": 8,
            "chars": [""]
        },
        {
            "type": "bitmap",
            "file": "minecraft:ranks/noobbyrg.png",
            "ascent": 8,
            "height": 8,
            "chars": [""]
        },
        {
            "type": "bitmap",
            "file": "minecraft:ranks/ogbyrg.png",
            "ascent": 8,
            "height": 8,
            "chars": [""]
        },
        {
            "type": "bitmap",
            "file": "minecraft:ranks/ownerbyrg.png",
            "ascent": 8,
            "height": 8,
            "chars": [""]
        },
        {
            "type": "bitmap",
            "file": "minecraft:ranks/probyrg.png",
            "ascent": 8,
            "height": 8,
            "chars": [""]
        },
        {
            "type": "bitmap",
            "file": "minecraft:ranks/redbyrg.png",
            "ascent": 8,
            "height": 8,
            "chars": [""]
        },
        {
            "type": "bitmap",
            "file": "minecraft:ranks/tiktokbyrg.png",
            "ascent": 8,
            "height": 8,
            "chars": [""]
        },
        {
            "type": "bitmap",
            "file": "minecraft:ranks/prime.png",
            "ascent": 8,
            "height": 9,
            "chars": [""]
        },
        {
            "type": "bitmap",
            "file": "minecraft:ranks/primeplus.png",
            "ascent": 8,
            "height": 9,
            "chars": [""]
        },
        {
            "type": "bitmap",
            "file": "minecraft:gui/sangria/rarity/incomum_icon.png",
            "ascent": 9,
            "height": 9,
            "chars": [""]
        },
        {
            "type": "bitmap",
            "file": "minecraft:gui/sangria/rarity/raro_icon.png",
            "ascent": 9,
            "height": 9,
            "chars": [""]
        },
        {
            "type": "bitmap",
            "file": "minecraft:gui/sangria/rarity/epico_icon.png",
            "ascent": 9,
            "height": 9,
            "chars": [""]
        },
        {
            "type": "bitmap",
            "file": "minecraft:gui/sangria/rarity/lendario_icon.png",
            "ascent": 9,
            "height": 9,
            "chars": [""]
        },
        {
            "type": "bitmap",
            "file": "minecraft:gui/sangria/action_bar/exhaustion.png",
            "ascent": 13,
            "height": 13,
            "chars": [""]
        },
        {
            "type": "bitmap",
            "file": "minecraft:gui/sangria/action_bar/combat.png",
            "ascent": 13,
            "height": 13,
            "chars": [""]
        },
        {
            "type": "bitmap",
            "file": "minecraft:gui/sangria/action_bar/ability.png",
            "ascent": 13,
            "height": 13,
            "chars": [""]
        },
        {
            "type": "bitmap",
            "file": "minecraft:gui/sangria/dungeons/blood/blood_treasure_reward.png",
            "ascent": 88,
            "height": 256,
            "chars": [""]
        },
        {
            "type": "bitmap",
            "file": "minecraft:gui/sangria/correio/correio.png",
            "ascent": 88,
            "height": 256,
            "chars": [""]
        }
    ]
}
