{
    "parent": "minecraft:item/generated",
    "textures": {
        "layer0": "minecraft:item/sangria/items/mob_drops/blaze/blaze_bow_p1"
    },
    "display": {
      "thirdperson_righthand": {
        "rotation": [
          -80,
          260,
          -40
        ],
        "translation": [
          -1,
          -2,
          2.5
        ],
        "scale": [
          0.9,
          0.9,
          0.9
        ]
      },
      "thirdperson_lefthand": {
        "rotation": [
          -80,
          -280,
          40
        ],
        "translation": [
          -1,
          -2,
          2.5
        ],
        "scale": [
          0.9,
          0.9,
          0.9
        ]
      },
      "firstperson_righthand": {
        "rotation": [
          0,
          -90,
          25
        ],
        "translation": [
          1.13,
          3.2,
          1.13
        ],
        "scale": [
          0.68,
          0.68,
          0.68
        ]
      },
      "firstperson_lefthand": {
        "rotation": [
          0,
          90,
          -25
        ],
        "translation": [
          1.13,
          3.2,
          1.13
        ],
        "scale": [
          0.68,
          0.68,
          0.68
        ]
      }
    }
  }
  